[{"model": "admin.logentry", "pk": 1, "fields": {"action_time": "2021-09-12T15:40:12.938Z", "user": 1, "content_type": 6, "object_id": "1", "object_repr": "Shirts", "action_flag": 1, "change_message": "[{\"added\": {}}]"}}, {"model": "admin.logentry", "pk": 2, "fields": {"action_time": "2021-09-12T15:45:41.049Z", "user": 1, "content_type": 6, "object_id": "2", "object_repr": "T Shirt", "action_flag": 1, "change_message": "[{\"added\": {}}]"}}, {"model": "admin.logentry", "pk": 3, "fields": {"action_time": "2021-09-12T15:46:07.745Z", "user": 1, "content_type": 6, "object_id": "3", "object_repr": "Shoes", "action_flag": 1, "change_message": "[{\"added\": {}}]"}}, {"model": "admin.logentry", "pk": 4, "fields": {"action_time": "2021-09-12T15:46:32.016Z", "user": 1, "content_type": 6, "object_id": "4", "object_repr": "Jeans", "action_flag": 1, "change_message": "[{\"added\": {}}]"}}, {"model": "admin.logentry", "pk": 5, "fields": {"action_time": "2021-09-12T15:46:50.874Z", "user": 1, "content_type": 6, "object_id": "5", "object_repr": "Jackets", "action_flag": 1, "change_message": "[{\"added\": {}}]"}}, {"model": "admin.logentry", "pk": 6, "fields": {"action_time": "2021-09-12T15:47:00.863Z", "user": 1, "content_type": 6, "object_id": "2", "object_repr": "T Shirts", "action_flag": 2, "change_message": "[{\"changed\": {\"fields\": [\"Category name\", \"Slug\"]}}]"}}, {"model": "admin.logentry", "pk": 7, "fields": {"action_time": "2021-09-12T17:01:03.180Z", "user": 1, "content_type": 8, "object_id": "1", "object_repr": "ATX Jeans", "action_flag": 1, "change_message": "[{\"added\": {}}]"}}, {"model": "admin.logentry", "pk": 8, "fields": {"action_time": "2021-09-12T17:02:04.105Z", "user": 1, "content_type": 8, "object_id": "2", "object_repr": "Blue-Shirt", "action_flag": 1, "change_message": "[{\"added\": {}}]"}}, {"model": "admin.logentry", "pk": 9, "fields": {"action_time": "2021-09-12T17:02:38.375Z", "user": 1, "content_type": 8, "object_id": "3", "object_repr": "Mavi Jeans", "action_flag": 1, "change_message": "[{\"added\": {}}]"}}, {"model": "admin.logentry", "pk": 10, "fields": {"action_time": "2021-09-12T17:03:32.441Z", "user": 1, "content_type": 8, "object_id": "4", "object_repr": "US Polo Assn Jacket", "action_flag": 1, "change_message": "[{\"added\": {}}]"}}, {"model": "admin.logentry", "pk": 11, "fields": {"action_time": "2021-09-12T17:04:03.433Z", "user": 1, "content_type": 8, "object_id": "5", "object_repr": "Wrangler Shirt", "action_flag": 1, "change_message": "[{\"added\": {}}]"}}, {"model": "admin.logentry", "pk": 12, "fields": {"action_time": "2021-09-12T17:04:34.158Z", "user": 1, "content_type": 8, "object_id": "6", "object_repr": "Great Tshirt", "action_flag": 1, "change_message": "[{\"added\": {}}]"}}, {"model": "admin.logentry", "pk": 13, "fields": {"action_time": "2021-09-12T17:05:43.994Z", "user": 1, "content_type": 8, "object_id": "7", "object_repr": "Jordan Basketball Shoes", "action_flag": 1, "change_message": "[{\"added\": {}}]"}}, {"model": "admin.logentry", "pk": 14, "fields": {"action_time": "2021-09-12T17:06:22.686Z", "user": 1, "content_type": 8, "object_id": "8", "object_repr": "Puma Ferrari Shoes", "action_flag": 1, "change_message": "[{\"added\": {}}]"}}, {"model": "admin.logentry", "pk": 15, "fields": {"action_time": "2021-09-13T10:54:00.869Z", "user": 1, "content_type": 8, "object_id": "1", "object_repr": "ATX Jeans", "action_flag": 2, "change_message": "[{\"changed\": {\"fields\": [\"Stock\"]}}]"}}, {"model": "admin.logentry", "pk": 16, "fields": {"action_time": "2021-09-14T23:13:07.721Z", "user": 1, "content_type": 8, "object_id": "8", "object_repr": "Puma Ferrari Shoes", "action_flag": 2, "change_message": "[{\"changed\": {\"fields\": [\"Description\"]}}]"}}, {"model": "admin.logentry", "pk": 17, "fields": {"action_time": "2021-09-15T02:49:18.837Z", "user": 1, "content_type": 11, "object_id": "1", "object_repr": "Variation object (1)", "action_flag": 1, "change_message": "[{\"added\": {}}]"}}, {"model": "admin.logentry", "pk": 18, "fields": {"action_time": "2021-09-15T02:50:47.982Z", "user": 1, "content_type": 11, "object_id": "2", "object_repr": "Variation object (2)", "action_flag": 1, "change_message": "[{\"added\": {}}]"}}, {"model": "admin.logentry", "pk": 19, "fields": {"action_time": "2021-09-15T02:50:53.159Z", "user": 1, "content_type": 11, "object_id": "3", "object_repr": "Variation object (3)", "action_flag": 1, "change_message": "[{\"added\": {}}]"}}, {"model": "admin.logentry", "pk": 20, "fields": {"action_time": "2021-09-15T02:51:12.125Z", "user": 1, "content_type": 11, "object_id": "1", "object_repr": "Variation object (1)", "action_flag": 2, "change_message": "[{\"changed\": {\"fields\": [\"Variation value\"]}}]"}}, {"model": "admin.logentry", "pk": 21, "fields": {"action_time": "2021-09-15T02:51:13.754Z", "user": 1, "content_type": 11, "object_id": "1", "object_repr": "Variation object (1)", "action_flag": 2, "change_message": "[]"}}, {"model": "admin.logentry", "pk": 22, "fields": {"action_time": "2021-09-15T02:51:19.147Z", "user": 1, "content_type": 11, "object_id": "2", "object_repr": "Variation object (2)", "action_flag": 2, "change_message": "[{\"changed\": {\"fields\": [\"Variation value\"]}}]"}}, {"model": "admin.logentry", "pk": 23, "fields": {"action_time": "2021-09-15T02:51:23.324Z", "user": 1, "content_type": 11, "object_id": "3", "object_repr": "Variation object (3)", "action_flag": 2, "change_message": "[{\"changed\": {\"fields\": [\"Variation value\"]}}]"}}, {"model": "admin.logentry", "pk": 24, "fields": {"action_time": "2021-09-15T10:50:46.178Z", "user": 1, "content_type": 11, "object_id": "4", "object_repr": "Variation object (4)", "action_flag": 1, "change_message": "[{\"added\": {}}]"}}, {"model": "admin.logentry", "pk": 25, "fields": {"action_time": "2021-09-15T10:51:25.254Z", "user": 1, "content_type": 11, "object_id": "4", "object_repr": "Variation object (4)", "action_flag": 2, "change_message": "[{\"changed\": {\"fields\": [\"Variation value\"]}}]"}}, {"model": "admin.logentry", "pk": 26, "fields": {"action_time": "2021-09-15T10:55:49.091Z", "user": 1, "content_type": 8, "object_id": "1", "object_repr": "ATX Jeans", "action_flag": 2, "change_message": "[{\"changed\": {\"fields\": [\"Stock\"]}}]"}}, {"model": "admin.logentry", "pk": 27, "fields": {"action_time": "2021-09-15T11:04:18.053Z", "user": 1, "content_type": 11, "object_id": "5", "object_repr": "Variation object (5)", "action_flag": 1, "change_message": "[{\"added\": {}}]"}}, {"model": "admin.logentry", "pk": 28, "fields": {"action_time": "2021-09-15T11:04:28.263Z", "user": 1, "content_type": 11, "object_id": "6", "object_repr": "Variation object (6)", "action_flag": 1, "change_message": "[{\"added\": {}}]"}}, {"model": "admin.logentry", "pk": 29, "fields": {"action_time": "2021-09-15T11:04:36.854Z", "user": 1, "content_type": 11, "object_id": "7", "object_repr": "Variation object (7)", "action_flag": 1, "change_message": "[{\"added\": {}}]"}}, {"model": "admin.logentry", "pk": 30, "fields": {"action_time": "2021-09-15T22:03:12.307Z", "user": 1, "content_type": 11, "object_id": "8", "object_repr": "Red", "action_flag": 1, "change_message": "[{\"added\": {}}]"}}, {"model": "admin.logentry", "pk": 31, "fields": {"action_time": "2021-09-15T22:03:24.299Z", "user": 1, "content_type": 11, "object_id": "9", "object_repr": "Large", "action_flag": 1, "change_message": "[{\"added\": {}}]"}}, {"model": "admin.logentry", "pk": 32, "fields": {"action_time": "2021-09-15T22:03:42.937Z", "user": 1, "content_type": 11, "object_id": "10", "object_repr": "Green", "action_flag": 1, "change_message": "[{\"added\": {}}]"}}, {"model": "admin.logentry", "pk": 33, "fields": {"action_time": "2021-09-15T22:03:48.748Z", "user": 1, "content_type": 11, "object_id": "11", "object_repr": "Small", "action_flag": 1, "change_message": "[{\"added\": {}}]"}}, {"model": "admin.logentry", "pk": 34, "fields": {"action_time": "2021-09-17T20:14:01.295Z", "user": 1, "content_type": 7, "object_id": "3", "object_repr": "godfreyaaa@example.com", "action_flag": 3, "change_message": ""}}, {"model": "admin.logentry", "pk": 35, "fields": {"action_time": "2021-09-17T20:24:29.676Z", "user": 1, "content_type": 7, "object_id": "4", "object_repr": "a@example.com", "action_flag": 3, "change_message": ""}}, {"model": "admin.logentry", "pk": 36, "fields": {"action_time": "2021-09-17T20:24:59.159Z", "user": 1, "content_type": 7, "object_id": "5", "object_repr": "a@example.com", "action_flag": 3, "change_message": ""}}, {"model": "admin.logentry", "pk": 37, "fields": {"action_time": "2021-09-17T20:26:48.747Z", "user": 1, "content_type": 7, "object_id": "6", "object_repr": "a@example.com", "action_flag": 3, "change_message": ""}}, {"model": "admin.logentry", "pk": 38, "fields": {"action_time": "2021-09-17T20:28:46.075Z", "user": 1, "content_type": 7, "object_id": "7", "object_repr": "a@example.com", "action_flag": 3, "change_message": ""}}, {"model": "admin.logentry", "pk": 39, "fields": {"action_time": "2021-09-17T20:38:07.797Z", "user": 1, "content_type": 7, "object_id": "11", "object_repr": "d@example.com", "action_flag": 3, "change_message": ""}}, {"model": "admin.logentry", "pk": 40, "fields": {"action_time": "2021-09-17T20:38:10.066Z", "user": 1, "content_type": 7, "object_id": "10", "object_repr": "c@example.com", "action_flag": 3, "change_message": ""}}, {"model": "admin.logentry", "pk": 41, "fields": {"action_time": "2021-09-17T20:38:12.849Z", "user": 1, "content_type": 7, "object_id": "9", "object_repr": "b@example.com", "action_flag": 3, "change_message": ""}}, {"model": "admin.logentry", "pk": 42, "fields": {"action_time": "2021-09-17T20:38:15.000Z", "user": 1, "content_type": 7, "object_id": "8", "object_repr": "a@example.com", "action_flag": 3, "change_message": ""}}, {"model": "admin.logentry", "pk": 43, "fields": {"action_time": "2021-09-17T20:51:34.986Z", "user": 1, "content_type": 7, "object_id": "12", "object_repr": "godfrey8000@gmail.com", "action_flag": 3, "change_message": ""}}, {"model": "admin.logentry", "pk": 44, "fields": {"action_time": "2021-09-17T20:51:38.851Z", "user": 1, "content_type": 7, "object_id": "2", "object_repr": "godfrey@example.com", "action_flag": 3, "change_message": ""}}, {"model": "admin.logentry", "pk": 45, "fields": {"action_time": "2021-09-17T21:03:43.552Z", "user": 1, "content_type": 7, "object_id": "14", "object_repr": "a@example.com", "action_flag": 2, "change_message": "[{\"changed\": {\"fields\": [\"Is active\"]}}]"}}, {"model": "admin.logentry", "pk": 46, "fields": {"action_time": "2021-09-17T21:04:34.998Z", "user": 1, "content_type": 7, "object_id": "14", "object_repr": "a@example.com", "action_flag": 2, "change_message": "[{\"changed\": {\"fields\": [\"Is active\"]}}]"}}, {"model": "admin.logentry", "pk": 47, "fields": {"action_time": "2021-09-17T22:46:33.608Z", "user": 1, "content_type": 7, "object_id": "15", "object_repr": "singdjango@gmail.com", "action_flag": 3, "change_message": ""}}, {"model": "admin.logentry", "pk": 48, "fields": {"action_time": "2021-09-17T22:49:27.261Z", "user": 1, "content_type": 7, "object_id": "16", "object_repr": "singdjango@gmail.com", "action_flag": 3, "change_message": ""}}, {"model": "admin.logentry", "pk": 49, "fields": {"action_time": "2021-09-18T01:36:25.123Z", "user": 1, "content_type": 7, "object_id": "17", "object_repr": "singdjango@gmail.com", "action_flag": 3, "change_message": ""}}, {"model": "admin.logentry", "pk": 50, "fields": {"action_time": "2021-09-18T01:50:24.841Z", "user": 1, "content_type": 7, "object_id": "18", "object_repr": "singdjango@gmail.com", "action_flag": 3, "change_message": ""}}, {"model": "admin.logentry", "pk": 51, "fields": {"action_time": "2021-09-18T02:04:44.017Z", "user": 1, "content_type": 7, "object_id": "19", "object_repr": "singdjango@gmail.com", "action_flag": 3, "change_message": ""}}, {"model": "admin.logentry", "pk": 52, "fields": {"action_time": "2021-09-18T02:06:38.086Z", "user": 1, "content_type": 7, "object_id": "20", "object_repr": "singdjango@gmail.com", "action_flag": 3, "change_message": ""}}, {"model": "admin.logentry", "pk": 53, "fields": {"action_time": "2021-09-19T01:41:37.088Z", "user": 1, "content_type": 10, "object_id": "59", "object_repr": "CartItem object (59)", "action_flag": 3, "change_message": ""}}, {"model": "admin.logentry", "pk": 54, "fields": {"action_time": "2021-09-19T01:41:37.092Z", "user": 1, "content_type": 10, "object_id": "58", "object_repr": "CartItem object (58)", "action_flag": 3, "change_message": ""}}, {"model": "admin.logentry", "pk": 55, "fields": {"action_time": "2021-09-19T01:41:37.094Z", "user": 1, "content_type": 10, "object_id": "57", "object_repr": "CartItem object (57)", "action_flag": 3, "change_message": ""}}, {"model": "admin.logentry", "pk": 56, "fields": {"action_time": "2021-09-19T01:41:37.097Z", "user": 1, "content_type": 10, "object_id": "56", "object_repr": "CartItem object (56)", "action_flag": 3, "change_message": ""}}, {"model": "admin.logentry", "pk": 57, "fields": {"action_time": "2021-09-19T01:41:37.101Z", "user": 1, "content_type": 10, "object_id": "55", "object_repr": "CartItem object (55)", "action_flag": 3, "change_message": ""}}, {"model": "admin.logentry", "pk": 58, "fields": {"action_time": "2021-09-19T01:41:37.104Z", "user": 1, "content_type": 10, "object_id": "54", "object_repr": "CartItem object (54)", "action_flag": 3, "change_message": ""}}, {"model": "admin.logentry", "pk": 59, "fields": {"action_time": "2021-09-19T01:41:37.108Z", "user": 1, "content_type": 10, "object_id": "53", "object_repr": "CartItem object (53)", "action_flag": 3, "change_message": ""}}, {"model": "admin.logentry", "pk": 60, "fields": {"action_time": "2021-09-19T01:41:37.112Z", "user": 1, "content_type": 10, "object_id": "52", "object_repr": "CartItem object (52)", "action_flag": 3, "change_message": ""}}, {"model": "admin.logentry", "pk": 61, "fields": {"action_time": "2021-09-19T01:41:37.115Z", "user": 1, "content_type": 10, "object_id": "51", "object_repr": "CartItem object (51)", "action_flag": 3, "change_message": ""}}, {"model": "admin.logentry", "pk": 62, "fields": {"action_time": "2021-09-19T01:41:37.118Z", "user": 1, "content_type": 10, "object_id": "50", "object_repr": "CartItem object (50)", "action_flag": 3, "change_message": ""}}, {"model": "admin.logentry", "pk": 63, "fields": {"action_time": "2021-09-19T01:41:37.122Z", "user": 1, "content_type": 10, "object_id": "49", "object_repr": "CartItem object (49)", "action_flag": 3, "change_message": ""}}, {"model": "admin.logentry", "pk": 64, "fields": {"action_time": "2021-09-19T01:41:37.125Z", "user": 1, "content_type": 10, "object_id": "48", "object_repr": "CartItem object (48)", "action_flag": 3, "change_message": ""}}, {"model": "admin.logentry", "pk": 65, "fields": {"action_time": "2021-09-19T01:41:37.128Z", "user": 1, "content_type": 10, "object_id": "47", "object_repr": "CartItem object (47)", "action_flag": 3, "change_message": ""}}, {"model": "admin.logentry", "pk": 66, "fields": {"action_time": "2021-09-19T01:41:37.131Z", "user": 1, "content_type": 10, "object_id": "46", "object_repr": "CartItem object (46)", "action_flag": 3, "change_message": ""}}, {"model": "admin.logentry", "pk": 67, "fields": {"action_time": "2021-09-19T01:41:37.135Z", "user": 1, "content_type": 10, "object_id": "45", "object_repr": "CartItem object (45)", "action_flag": 3, "change_message": ""}}, {"model": "admin.logentry", "pk": 68, "fields": {"action_time": "2021-09-19T01:41:37.138Z", "user": 1, "content_type": 10, "object_id": "44", "object_repr": "CartItem object (44)", "action_flag": 3, "change_message": ""}}, {"model": "admin.logentry", "pk": 69, "fields": {"action_time": "2021-09-19T01:41:37.141Z", "user": 1, "content_type": 10, "object_id": "39", "object_repr": "CartItem object (39)", "action_flag": 3, "change_message": ""}}, {"model": "admin.logentry", "pk": 70, "fields": {"action_time": "2021-09-19T01:41:37.145Z", "user": 1, "content_type": 10, "object_id": "38", "object_repr": "CartItem object (38)", "action_flag": 3, "change_message": ""}}, {"model": "admin.logentry", "pk": 71, "fields": {"action_time": "2021-09-19T01:41:37.148Z", "user": 1, "content_type": 10, "object_id": "37", "object_repr": "CartItem object (37)", "action_flag": 3, "change_message": ""}}, {"model": "admin.logentry", "pk": 72, "fields": {"action_time": "2021-09-19T01:41:37.151Z", "user": 1, "content_type": 10, "object_id": "36", "object_repr": "CartItem object (36)", "action_flag": 3, "change_message": ""}}, {"model": "admin.logentry", "pk": 73, "fields": {"action_time": "2021-09-19T01:41:37.154Z", "user": 1, "content_type": 10, "object_id": "35", "object_repr": "CartItem object (35)", "action_flag": 3, "change_message": ""}}, {"model": "admin.logentry", "pk": 74, "fields": {"action_time": "2021-09-19T01:41:43.481Z", "user": 1, "content_type": 9, "object_id": "11", "object_repr": "26figwprjrq27mfywvlf3by01u00vz0x", "action_flag": 3, "change_message": ""}}, {"model": "admin.logentry", "pk": 75, "fields": {"action_time": "2021-09-19T01:41:43.485Z", "user": 1, "content_type": 9, "object_id": "10", "object_repr": "g5zugyrq3hik5t3umbjugc40lgi6lrcb", "action_flag": 3, "change_message": ""}}, {"model": "admin.logentry", "pk": 76, "fields": {"action_time": "2021-09-19T01:41:43.488Z", "user": 1, "content_type": 9, "object_id": "9", "object_repr": "6mnrrkrh3mhpr4ukpqqssr3j6j85z5eg", "action_flag": 3, "change_message": ""}}, {"model": "admin.logentry", "pk": 77, "fields": {"action_time": "2021-09-19T01:41:43.492Z", "user": 1, "content_type": 9, "object_id": "8", "object_repr": "bi42596wf75nzy15rrql9ot3jzivs7ne", "action_flag": 3, "change_message": ""}}, {"model": "admin.logentry", "pk": 78, "fields": {"action_time": "2021-09-19T01:41:43.495Z", "user": 1, "content_type": 9, "object_id": "7", "object_repr": "9o4tijn03enl98athab8yf85zwdvyz7y", "action_flag": 3, "change_message": ""}}, {"model": "admin.logentry", "pk": 79, "fields": {"action_time": "2021-09-19T01:41:43.498Z", "user": 1, "content_type": 9, "object_id": "6", "object_repr": "p672sgxddjma3c92320yso7zo7hpng9a", "action_flag": 3, "change_message": ""}}, {"model": "admin.logentry", "pk": 80, "fields": {"action_time": "2021-09-19T01:41:43.501Z", "user": 1, "content_type": 9, "object_id": "5", "object_repr": "qc15wd3nknynux1zgi1qh6gkfvhjxe0o", "action_flag": 3, "change_message": ""}}, {"model": "admin.logentry", "pk": 81, "fields": {"action_time": "2021-09-19T01:41:43.504Z", "user": 1, "content_type": 9, "object_id": "4", "object_repr": "swp36wzz07xq5zw4y2rxuyceaw9fj931", "action_flag": 3, "change_message": ""}}, {"model": "admin.logentry", "pk": 82, "fields": {"action_time": "2021-09-19T01:41:43.508Z", "user": 1, "content_type": 9, "object_id": "3", "object_repr": "o8wj86niiyd2u55olfxb4kx8ixuwmb53", "action_flag": 3, "change_message": ""}}, {"model": "admin.logentry", "pk": 83, "fields": {"action_time": "2021-09-19T01:41:43.511Z", "user": 1, "content_type": 9, "object_id": "2", "object_repr": "w0sdvbfkdddi8m24ui5fawurubymjhkj", "action_flag": 3, "change_message": ""}}, {"model": "admin.logentry", "pk": 84, "fields": {"action_time": "2021-09-19T01:41:43.514Z", "user": 1, "content_type": 9, "object_id": "1", "object_repr": "bxzr46wveosy5pmrw62itejvm3ueu576", "action_flag": 3, "change_message": ""}}, {"model": "admin.logentry", "pk": 85, "fields": {"action_time": "2021-09-19T01:49:57.368Z", "user": 1, "content_type": 10, "object_id": "63", "object_repr": "CartItem object (63)", "action_flag": 3, "change_message": ""}}, {"model": "admin.logentry", "pk": 86, "fields": {"action_time": "2021-09-19T01:49:57.371Z", "user": 1, "content_type": 10, "object_id": "62", "object_repr": "CartItem object (62)", "action_flag": 3, "change_message": ""}}, {"model": "admin.logentry", "pk": 87, "fields": {"action_time": "2021-09-19T01:49:57.375Z", "user": 1, "content_type": 10, "object_id": "61", "object_repr": "CartItem object (61)", "action_flag": 3, "change_message": ""}}, {"model": "admin.logentry", "pk": 88, "fields": {"action_time": "2021-09-19T01:49:57.378Z", "user": 1, "content_type": 10, "object_id": "60", "object_repr": "CartItem object (60)", "action_flag": 3, "change_message": ""}}, {"model": "admin.logentry", "pk": 89, "fields": {"action_time": "2021-09-19T01:53:35.886Z", "user": 1, "content_type": 10, "object_id": "65", "object_repr": "CartItem object (65)", "action_flag": 3, "change_message": ""}}, {"model": "admin.logentry", "pk": 90, "fields": {"action_time": "2021-09-19T01:53:35.892Z", "user": 1, "content_type": 10, "object_id": "64", "object_repr": "CartItem object (64)", "action_flag": 3, "change_message": ""}}, {"model": "admin.logentry", "pk": 91, "fields": {"action_time": "2021-09-19T02:02:12.968Z", "user": 1, "content_type": 10, "object_id": "69", "object_repr": "CartItem object (69)", "action_flag": 3, "change_message": ""}}, {"model": "admin.logentry", "pk": 92, "fields": {"action_time": "2021-09-19T02:02:12.972Z", "user": 1, "content_type": 10, "object_id": "68", "object_repr": "CartItem object (68)", "action_flag": 3, "change_message": ""}}, {"model": "admin.logentry", "pk": 93, "fields": {"action_time": "2021-09-19T02:02:12.975Z", "user": 1, "content_type": 10, "object_id": "67", "object_repr": "CartItem object (67)", "action_flag": 3, "change_message": ""}}, {"model": "admin.logentry", "pk": 94, "fields": {"action_time": "2021-09-19T02:02:12.979Z", "user": 1, "content_type": 10, "object_id": "66", "object_repr": "CartItem object (66)", "action_flag": 3, "change_message": ""}}, {"model": "admin.logentry", "pk": 95, "fields": {"action_time": "2021-09-19T02:03:37.617Z", "user": 1, "content_type": 10, "object_id": "71", "object_repr": "CartItem object (71)", "action_flag": 3, "change_message": ""}}, {"model": "admin.logentry", "pk": 96, "fields": {"action_time": "2021-09-19T02:03:37.622Z", "user": 1, "content_type": 10, "object_id": "70", "object_repr": "CartItem object (70)", "action_flag": 3, "change_message": ""}}, {"model": "admin.logentry", "pk": 97, "fields": {"action_time": "2021-09-19T02:06:16.897Z", "user": 1, "content_type": 10, "object_id": "73", "object_repr": "CartItem object (73)", "action_flag": 3, "change_message": ""}}, {"model": "admin.logentry", "pk": 98, "fields": {"action_time": "2021-09-19T02:06:16.901Z", "user": 1, "content_type": 10, "object_id": "72", "object_repr": "CartItem object (72)", "action_flag": 3, "change_message": ""}}, {"model": "admin.logentry", "pk": 99, "fields": {"action_time": "2021-09-19T02:09:52.575Z", "user": 1, "content_type": 10, "object_id": "76", "object_repr": "CartItem object (76)", "action_flag": 3, "change_message": ""}}, {"model": "admin.logentry", "pk": 100, "fields": {"action_time": "2021-09-19T02:09:52.579Z", "user": 1, "content_type": 10, "object_id": "75", "object_repr": "CartItem object (75)", "action_flag": 3, "change_message": ""}}, {"model": "admin.logentry", "pk": 101, "fields": {"action_time": "2021-09-19T02:09:52.583Z", "user": 1, "content_type": 10, "object_id": "74", "object_repr": "CartItem object (74)", "action_flag": 3, "change_message": ""}}, {"model": "admin.logentry", "pk": 102, "fields": {"action_time": "2021-09-19T02:12:13.241Z", "user": 1, "content_type": 10, "object_id": "78", "object_repr": "CartItem object (78)", "action_flag": 3, "change_message": ""}}, {"model": "admin.logentry", "pk": 103, "fields": {"action_time": "2021-09-21T00:56:52.562Z", "user": 1, "content_type": 14, "object_id": "17", "object_repr": "8C492611AU8090634", "action_flag": 3, "change_message": ""}}, {"model": "admin.logentry", "pk": 104, "fields": {"action_time": "2021-09-21T00:56:52.568Z", "user": 1, "content_type": 14, "object_id": "16", "object_repr": "9TV96736GJ593412W", "action_flag": 3, "change_message": ""}}, {"model": "admin.logentry", "pk": 105, "fields": {"action_time": "2021-09-21T00:56:52.572Z", "user": 1, "content_type": 14, "object_id": "15", "object_repr": "1RW17810YV1534522", "action_flag": 3, "change_message": ""}}, {"model": "admin.logentry", "pk": 106, "fields": {"action_time": "2021-09-21T00:56:52.576Z", "user": 1, "content_type": 14, "object_id": "14", "object_repr": "5PS61844FU8850357", "action_flag": 3, "change_message": ""}}, {"model": "admin.logentry", "pk": 107, "fields": {"action_time": "2021-09-21T00:56:52.582Z", "user": 1, "content_type": 14, "object_id": "13", "object_repr": "7MC11275BT185193Y", "action_flag": 3, "change_message": ""}}, {"model": "admin.logentry", "pk": 108, "fields": {"action_time": "2021-09-21T00:56:52.587Z", "user": 1, "content_type": 14, "object_id": "12", "object_repr": "19X56762XY9842207", "action_flag": 3, "change_message": ""}}, {"model": "admin.logentry", "pk": 109, "fields": {"action_time": "2021-09-21T00:56:52.594Z", "user": 1, "content_type": 14, "object_id": "11", "object_repr": "9HW85571JU3469828", "action_flag": 3, "change_message": ""}}, {"model": "admin.logentry", "pk": 110, "fields": {"action_time": "2021-09-21T00:56:52.598Z", "user": 1, "content_type": 14, "object_id": "10", "object_repr": "3J055506FS117372J", "action_flag": 3, "change_message": ""}}, {"model": "admin.logentry", "pk": 111, "fields": {"action_time": "2021-09-21T00:56:52.603Z", "user": 1, "content_type": 14, "object_id": "9", "object_repr": "7BD16177U1701593E", "action_flag": 3, "change_message": ""}}, {"model": "admin.logentry", "pk": 112, "fields": {"action_time": "2021-09-21T00:56:52.608Z", "user": 1, "content_type": 14, "object_id": "8", "object_repr": "78271679W0634511H", "action_flag": 3, "change_message": ""}}, {"model": "admin.logentry", "pk": 113, "fields": {"action_time": "2021-09-21T00:56:52.613Z", "user": 1, "content_type": 14, "object_id": "7", "object_repr": "5MT09315BU6353038", "action_flag": 3, "change_message": ""}}, {"model": "admin.logentry", "pk": 114, "fields": {"action_time": "2021-09-21T00:56:52.619Z", "user": 1, "content_type": 14, "object_id": "6", "object_repr": "59470942RG4461453", "action_flag": 3, "change_message": ""}}, {"model": "admin.logentry", "pk": 115, "fields": {"action_time": "2021-09-21T00:56:52.624Z", "user": 1, "content_type": 14, "object_id": "5", "object_repr": "74693633KA061540G", "action_flag": 3, "change_message": ""}}, {"model": "admin.logentry", "pk": 116, "fields": {"action_time": "2021-09-21T00:56:52.629Z", "user": 1, "content_type": 14, "object_id": "4", "object_repr": "1FF06840E1555432E", "action_flag": 3, "change_message": ""}}, {"model": "admin.logentry", "pk": 117, "fields": {"action_time": "2021-09-21T00:56:52.632Z", "user": 1, "content_type": 14, "object_id": "3", "object_repr": "3TL43865EE266603J", "action_flag": 3, "change_message": ""}}, {"model": "admin.logentry", "pk": 118, "fields": {"action_time": "2021-09-21T00:56:52.636Z", "user": 1, "content_type": 14, "object_id": "2", "object_repr": "058384335U188201U", "action_flag": 3, "change_message": ""}}, {"model": "admin.logentry", "pk": 119, "fields": {"action_time": "2021-09-21T00:56:52.639Z", "user": 1, "content_type": 14, "object_id": "1", "object_repr": "5J329406T6916550J", "action_flag": 3, "change_message": ""}}, {"model": "admin.logentry", "pk": 120, "fields": {"action_time": "2021-09-21T00:59:28.000Z", "user": 1, "content_type": 12, "object_id": "18", "object_repr": "ATX Jeans", "action_flag": 3, "change_message": ""}}, {"model": "admin.logentry", "pk": 121, "fields": {"action_time": "2021-09-21T00:59:28.005Z", "user": 1, "content_type": 12, "object_id": "17", "object_repr": "Blue-Shirt", "action_flag": 3, "change_message": ""}}, {"model": "admin.logentry", "pk": 122, "fields": {"action_time": "2021-09-21T00:59:28.009Z", "user": 1, "content_type": 12, "object_id": "16", "object_repr": "ATX Jeans", "action_flag": 3, "change_message": ""}}, {"model": "admin.logentry", "pk": 123, "fields": {"action_time": "2021-09-21T00:59:28.013Z", "user": 1, "content_type": 12, "object_id": "15", "object_repr": "ATX Jeans", "action_flag": 3, "change_message": ""}}, {"model": "admin.logentry", "pk": 124, "fields": {"action_time": "2021-09-21T00:59:28.017Z", "user": 1, "content_type": 12, "object_id": "14", "object_repr": "Blue-Shirt", "action_flag": 3, "change_message": ""}}, {"model": "admin.logentry", "pk": 125, "fields": {"action_time": "2021-09-21T00:59:28.020Z", "user": 1, "content_type": 12, "object_id": "13", "object_repr": "ATX Jeans", "action_flag": 3, "change_message": ""}}, {"model": "admin.logentry", "pk": 126, "fields": {"action_time": "2021-09-21T00:59:28.023Z", "user": 1, "content_type": 12, "object_id": "12", "object_repr": "Blue-Shirt", "action_flag": 3, "change_message": ""}}, {"model": "admin.logentry", "pk": 127, "fields": {"action_time": "2021-09-21T00:59:28.026Z", "user": 1, "content_type": 12, "object_id": "11", "object_repr": "ATX Jeans", "action_flag": 3, "change_message": ""}}, {"model": "admin.logentry", "pk": 128, "fields": {"action_time": "2021-09-21T00:59:28.029Z", "user": 1, "content_type": 12, "object_id": "10", "object_repr": "ATX Jeans", "action_flag": 3, "change_message": ""}}, {"model": "admin.logentry", "pk": 129, "fields": {"action_time": "2021-09-21T00:59:28.032Z", "user": 1, "content_type": 12, "object_id": "9", "object_repr": "ATX Jeans", "action_flag": 3, "change_message": ""}}, {"model": "admin.logentry", "pk": 130, "fields": {"action_time": "2021-09-21T00:59:28.035Z", "user": 1, "content_type": 12, "object_id": "8", "object_repr": "ATX Jeans", "action_flag": 3, "change_message": ""}}, {"model": "admin.logentry", "pk": 131, "fields": {"action_time": "2021-09-21T00:59:28.039Z", "user": 1, "content_type": 12, "object_id": "7", "object_repr": "Blue-Shirt", "action_flag": 3, "change_message": ""}}, {"model": "admin.logentry", "pk": 132, "fields": {"action_time": "2021-09-21T00:59:28.042Z", "user": 1, "content_type": 12, "object_id": "6", "object_repr": "ATX Jeans", "action_flag": 3, "change_message": ""}}, {"model": "admin.logentry", "pk": 133, "fields": {"action_time": "2021-09-21T00:59:28.045Z", "user": 1, "content_type": 12, "object_id": "5", "object_repr": "Blue-Shirt", "action_flag": 3, "change_message": ""}}, {"model": "admin.logentry", "pk": 134, "fields": {"action_time": "2021-09-21T00:59:28.048Z", "user": 1, "content_type": 12, "object_id": "4", "object_repr": "Blue-Shirt", "action_flag": 3, "change_message": ""}}, {"model": "admin.logentry", "pk": 135, "fields": {"action_time": "2021-09-21T00:59:28.051Z", "user": 1, "content_type": 12, "object_id": "3", "object_repr": "Blue-Shirt", "action_flag": 3, "change_message": ""}}, {"model": "admin.logentry", "pk": 136, "fields": {"action_time": "2021-09-21T00:59:28.054Z", "user": 1, "content_type": 12, "object_id": "2", "object_repr": "Blue-Shirt", "action_flag": 3, "change_message": ""}}, {"model": "admin.logentry", "pk": 137, "fields": {"action_time": "2021-09-21T00:59:28.057Z", "user": 1, "content_type": 12, "object_id": "1", "object_repr": "Blue-Shirt", "action_flag": 3, "change_message": ""}}, {"model": "admin.logentry", "pk": 138, "fields": {"action_time": "2021-09-21T00:59:35.009Z", "user": 1, "content_type": 13, "object_id": "36", "object_repr": "2021092136", "action_flag": 3, "change_message": ""}}, {"model": "admin.logentry", "pk": 139, "fields": {"action_time": "2021-09-21T00:59:35.013Z", "user": 1, "content_type": 13, "object_id": "35", "object_repr": "2021092135", "action_flag": 3, "change_message": ""}}, {"model": "admin.logentry", "pk": 140, "fields": {"action_time": "2021-09-21T00:59:35.017Z", "user": 1, "content_type": 13, "object_id": "34", "object_repr": "2021092134", "action_flag": 3, "change_message": ""}}, {"model": "admin.logentry", "pk": 141, "fields": {"action_time": "2021-09-21T00:59:35.021Z", "user": 1, "content_type": 13, "object_id": "33", "object_repr": "2021092133", "action_flag": 3, "change_message": ""}}, {"model": "admin.logentry", "pk": 142, "fields": {"action_time": "2021-09-21T00:59:35.024Z", "user": 1, "content_type": 13, "object_id": "32", "object_repr": "2021092132", "action_flag": 3, "change_message": ""}}, {"model": "admin.logentry", "pk": 143, "fields": {"action_time": "2021-09-21T00:59:35.027Z", "user": 1, "content_type": 13, "object_id": "31", "object_repr": "2021092131", "action_flag": 3, "change_message": ""}}, {"model": "admin.logentry", "pk": 144, "fields": {"action_time": "2021-09-21T00:59:35.031Z", "user": 1, "content_type": 13, "object_id": "30", "object_repr": "2021092130", "action_flag": 3, "change_message": ""}}, {"model": "admin.logentry", "pk": 145, "fields": {"action_time": "2021-09-21T00:59:35.034Z", "user": 1, "content_type": 13, "object_id": "29", "object_repr": "2021092029", "action_flag": 3, "change_message": ""}}, {"model": "admin.logentry", "pk": 146, "fields": {"action_time": "2021-09-21T00:59:35.038Z", "user": 1, "content_type": 13, "object_id": "28", "object_repr": "2021092028", "action_flag": 3, "change_message": ""}}, {"model": "admin.logentry", "pk": 147, "fields": {"action_time": "2021-09-21T00:59:35.041Z", "user": 1, "content_type": 13, "object_id": "27", "object_repr": "2021092027", "action_flag": 3, "change_message": ""}}, {"model": "admin.logentry", "pk": 148, "fields": {"action_time": "2021-09-21T00:59:35.044Z", "user": 1, "content_type": 13, "object_id": "26", "object_repr": "2021092026", "action_flag": 3, "change_message": ""}}, {"model": "admin.logentry", "pk": 149, "fields": {"action_time": "2021-09-21T00:59:35.048Z", "user": 1, "content_type": 13, "object_id": "25", "object_repr": "2021092025", "action_flag": 3, "change_message": ""}}, {"model": "admin.logentry", "pk": 150, "fields": {"action_time": "2021-09-21T00:59:35.051Z", "user": 1, "content_type": 13, "object_id": "24", "object_repr": "2021092024", "action_flag": 3, "change_message": ""}}, {"model": "admin.logentry", "pk": 151, "fields": {"action_time": "2021-09-21T00:59:35.055Z", "user": 1, "content_type": 13, "object_id": "23", "object_repr": "2021092023", "action_flag": 3, "change_message": ""}}, {"model": "admin.logentry", "pk": 152, "fields": {"action_time": "2021-09-21T00:59:35.058Z", "user": 1, "content_type": 13, "object_id": "22", "object_repr": "2021092022", "action_flag": 3, "change_message": ""}}, {"model": "admin.logentry", "pk": 153, "fields": {"action_time": "2021-09-21T00:59:35.061Z", "user": 1, "content_type": 13, "object_id": "21", "object_repr": "2021092021", "action_flag": 3, "change_message": ""}}, {"model": "admin.logentry", "pk": 154, "fields": {"action_time": "2021-09-21T00:59:35.065Z", "user": 1, "content_type": 13, "object_id": "20", "object_repr": "2021092020", "action_flag": 3, "change_message": ""}}, {"model": "admin.logentry", "pk": 155, "fields": {"action_time": "2021-09-21T00:59:35.068Z", "user": 1, "content_type": 13, "object_id": "19", "object_repr": "2021092019", "action_flag": 3, "change_message": ""}}, {"model": "admin.logentry", "pk": 156, "fields": {"action_time": "2021-09-21T00:59:35.072Z", "user": 1, "content_type": 13, "object_id": "18", "object_repr": "2021092018", "action_flag": 3, "change_message": ""}}, {"model": "admin.logentry", "pk": 157, "fields": {"action_time": "2021-09-21T00:59:45.657Z", "user": 1, "content_type": 13, "object_id": "17", "object_repr": "2021092017", "action_flag": 3, "change_message": ""}}, {"model": "admin.logentry", "pk": 158, "fields": {"action_time": "2021-09-21T00:59:45.661Z", "user": 1, "content_type": 13, "object_id": "16", "object_repr": "2021092016", "action_flag": 3, "change_message": ""}}, {"model": "admin.logentry", "pk": 159, "fields": {"action_time": "2021-09-21T00:59:45.664Z", "user": 1, "content_type": 13, "object_id": "15", "object_repr": "2021092015", "action_flag": 3, "change_message": ""}}, {"model": "admin.logentry", "pk": 160, "fields": {"action_time": "2021-09-21T00:59:45.668Z", "user": 1, "content_type": 13, "object_id": "14", "object_repr": "2021092014", "action_flag": 3, "change_message": ""}}, {"model": "admin.logentry", "pk": 161, "fields": {"action_time": "2021-09-21T00:59:45.671Z", "user": 1, "content_type": 13, "object_id": "13", "object_repr": "2021092013", "action_flag": 3, "change_message": ""}}, {"model": "admin.logentry", "pk": 162, "fields": {"action_time": "2021-09-21T00:59:45.674Z", "user": 1, "content_type": 13, "object_id": "12", "object_repr": "2021092012", "action_flag": 3, "change_message": ""}}, {"model": "admin.logentry", "pk": 163, "fields": {"action_time": "2021-09-21T00:59:45.678Z", "user": 1, "content_type": 13, "object_id": "11", "object_repr": "2021092011", "action_flag": 3, "change_message": ""}}, {"model": "admin.logentry", "pk": 164, "fields": {"action_time": "2021-09-21T00:59:45.682Z", "user": 1, "content_type": 13, "object_id": "10", "object_repr": "2021092010", "action_flag": 3, "change_message": ""}}, {"model": "admin.logentry", "pk": 165, "fields": {"action_time": "2021-09-21T00:59:45.686Z", "user": 1, "content_type": 13, "object_id": "9", "object_repr": "202109209", "action_flag": 3, "change_message": ""}}, {"model": "admin.logentry", "pk": 166, "fields": {"action_time": "2021-09-21T00:59:45.691Z", "user": 1, "content_type": 13, "object_id": "8", "object_repr": "202109208", "action_flag": 3, "change_message": ""}}, {"model": "admin.logentry", "pk": 167, "fields": {"action_time": "2021-09-21T00:59:45.696Z", "user": 1, "content_type": 13, "object_id": "7", "object_repr": "202109207", "action_flag": 3, "change_message": ""}}, {"model": "admin.logentry", "pk": 168, "fields": {"action_time": "2021-09-21T00:59:45.700Z", "user": 1, "content_type": 13, "object_id": "6", "object_repr": "202109206", "action_flag": 3, "change_message": ""}}, {"model": "admin.logentry", "pk": 169, "fields": {"action_time": "2021-09-21T00:59:45.705Z", "user": 1, "content_type": 13, "object_id": "5", "object_repr": "202109205", "action_flag": 3, "change_message": ""}}, {"model": "admin.logentry", "pk": 170, "fields": {"action_time": "2021-09-21T00:59:45.709Z", "user": 1, "content_type": 13, "object_id": "4", "object_repr": "202109204", "action_flag": 3, "change_message": ""}}, {"model": "admin.logentry", "pk": 171, "fields": {"action_time": "2021-09-21T00:59:45.713Z", "user": 1, "content_type": 13, "object_id": "3", "object_repr": "202109203", "action_flag": 3, "change_message": ""}}, {"model": "admin.logentry", "pk": 172, "fields": {"action_time": "2021-09-21T00:59:45.716Z", "user": 1, "content_type": 13, "object_id": "2", "object_repr": "202109202", "action_flag": 3, "change_message": ""}}, {"model": "admin.logentry", "pk": 173, "fields": {"action_time": "2021-09-21T00:59:45.720Z", "user": 1, "content_type": 13, "object_id": "1", "object_repr": "202109201", "action_flag": 3, "change_message": ""}}, {"model": "admin.logentry", "pk": 174, "fields": {"action_time": "2021-09-21T01:10:19.195Z", "user": 1, "content_type": 15, "object_id": "2", "object_repr": "TEST", "action_flag": 1, "change_message": "[{\"added\": {}}]"}}, {"model": "admin.logentry", "pk": 175, "fields": {"action_time": "2021-09-21T01:16:56.443Z", "user": 1, "content_type": 15, "object_id": "2", "object_repr": "TEST", "action_flag": 2, "change_message": "[{\"changed\": {\"fields\": [\"Rating\"]}}]"}}, {"model": "admin.logentry", "pk": 176, "fields": {"action_time": "2021-09-21T01:22:17.030Z", "user": 1, "content_type": 15, "object_id": "1", "object_repr": "Best", "action_flag": 2, "change_message": "[{\"changed\": {\"fields\": [\"Rating\"]}}]"}}, {"model": "admin.logentry", "pk": 177, "fields": {"action_time": "2021-09-21T01:56:45.699Z", "user": 1, "content_type": 15, "object_id": "2", "object_repr": "TEST", "action_flag": 2, "change_message": "[{\"changed\": {\"fields\": [\"Rating\"]}}]"}}, {"model": "admin.logentry", "pk": 178, "fields": {"action_time": "2021-09-21T01:56:53.499Z", "user": 1, "content_type": 15, "object_id": "1", "object_repr": "Best", "action_flag": 2, "change_message": "[]"}}, {"model": "admin.logentry", "pk": 179, "fields": {"action_time": "2021-09-21T06:45:54.333Z", "user": 1, "content_type": 7, "object_id": "1", "object_repr": "peterncs97@gmail.com", "action_flag": 2, "change_message": "[{\"changed\": {\"fields\": [\"Phone number\"]}}]"}}, {"model": "admin.logentry", "pk": 180, "fields": {"action_time": "2021-09-21T07:38:09.614Z", "user": 1, "content_type": 16, "object_id": "1", "object_repr": "peterncs97@gmail.com", "action_flag": 1, "change_message": "[{\"added\": {}}]"}}, {"model": "admin.logentry", "pk": 181, "fields": {"action_time": "2021-09-21T09:22:16.122Z", "user": 1, "content_type": 7, "object_id": "21", "object_repr": "singdjango@gmail.com", "action_flag": 3, "change_message": ""}}, {"model": "admin.logentry", "pk": 182, "fields": {"action_time": "2021-09-21T09:22:16.126Z", "user": 1, "content_type": 7, "object_id": "14", "object_repr": "a@example.com", "action_flag": 3, "change_message": ""}}, {"model": "admin.logentry", "pk": 183, "fields": {"action_time": "2021-09-21T09:22:16.129Z", "user": 1, "content_type": 7, "object_id": "13", "object_repr": "godfrey@example.com", "action_flag": 3, "change_message": ""}}, {"model": "admin.logentry", "pk": 184, "fields": {"action_time": "2021-09-21T09:23:54.695Z", "user": 1, "content_type": 7, "object_id": "22", "object_repr": "singdjango@gmail.com", "action_flag": 3, "change_message": ""}}, {"model": "admin.logentry", "pk": 185, "fields": {"action_time": "2021-09-21T18:29:45.025Z", "user": 1, "content_type": 8, "object_id": "1", "object_repr": "ATX Jeans", "action_flag": 2, "change_message": "[{\"added\": {\"name\": \"product gallery\", \"object\": \"ATX Jeans\"}}]"}}, {"model": "admin.logentry", "pk": 186, "fields": {"action_time": "2021-09-21T18:36:59.008Z", "user": 1, "content_type": 8, "object_id": "1", "object_repr": "ATX Jeans", "action_flag": 2, "change_message": "[{\"added\": {\"name\": \"product gallery\", \"object\": \"ATX Jeans\"}}]"}}, {"model": "admin.logentry", "pk": 187, "fields": {"action_time": "2021-09-21T18:51:41.437Z", "user": 1, "content_type": 8, "object_id": "1", "object_repr": "ATX Jeans", "action_flag": 2, "change_message": "[{\"deleted\": {\"name\": \"product gallery\", \"object\": \"ATX Jeans\"}}, {\"deleted\": {\"name\": \"product gallery\", \"object\": \"ATX Jeans\"}}]"}}, {"model": "admin.logentry", "pk": 188, "fields": {"action_time": "2021-09-21T18:52:08.503Z", "user": 1, "content_type": 8, "object_id": "1", "object_repr": "ATX Jeans", "action_flag": 2, "change_message": "[{\"added\": {\"name\": \"product gallery\", \"object\": \"ATX Jeans\"}}, {\"added\": {\"name\": \"product gallery\", \"object\": \"ATX Jeans\"}}]"}}, {"model": "admin.logentry", "pk": 189, "fields": {"action_time": "2021-09-21T18:52:50.685Z", "user": 1, "content_type": 8, "object_id": "1", "object_repr": "ATX Jeans", "action_flag": 2, "change_message": "[{\"added\": {\"name\": \"product gallery\", \"object\": \"ATX Jeans\"}}]"}}, {"model": "admin.logentry", "pk": 190, "fields": {"action_time": "2021-09-21T18:53:19.335Z", "user": 1, "content_type": 8, "object_id": "1", "object_repr": "ATX Jeans", "action_flag": 2, "change_message": "[{\"added\": {\"name\": \"product gallery\", \"object\": \"ATX Jeans\"}}, {\"added\": {\"name\": \"product gallery\", \"object\": \"ATX Jeans\"}}, {\"added\": {\"name\": \"product gallery\", \"object\": \"ATX Jeans\"}}]"}}, {"model": "admin.logentry", "pk": 191, "fields": {"action_time": "2021-09-21T18:53:27.704Z", "user": 1, "content_type": 8, "object_id": "1", "object_repr": "ATX Jeans", "action_flag": 2, "change_message": "[{\"added\": {\"name\": \"product gallery\", \"object\": \"ATX Jeans\"}}]"}}, {"model": "admin.logentry", "pk": 192, "fields": {"action_time": "2021-09-21T18:53:55.420Z", "user": 1, "content_type": 8, "object_id": "1", "object_repr": "ATX Jeans", "action_flag": 2, "change_message": "[{\"deleted\": {\"name\": \"product gallery\", \"object\": \"ATX Jeans\"}}, {\"deleted\": {\"name\": \"product gallery\", \"object\": \"ATX Jeans\"}}, {\"deleted\": {\"name\": \"product gallery\", \"object\": \"ATX Jeans\"}}, {\"deleted\": {\"name\": \"product gallery\", \"object\": \"ATX Jeans\"}}, {\"deleted\": {\"name\": \"product gallery\", \"object\": \"ATX Jeans\"}}]"}}, {"model": "admin.logentry", "pk": 193, "fields": {"action_time": "2021-09-22T03:15:05.034Z", "user": 1, "content_type": 7, "object_id": "1", "object_repr": "peterncs97@gmail.com", "action_flag": 2, "change_message": "[{\"changed\": {\"fields\": [\"Username\"]}}]"}}, {"model": "admin.logentry", "pk": 194, "fields": {"action_time": "2021-09-22T03:15:29.634Z", "user": 1, "content_type": 7, "object_id": "23", "object_repr": "singdjango@gmail.com", "action_flag": 3, "change_message": ""}}, {"model": "auth.permission", "pk": 1, "fields": {"name": "Can add log entry", "content_type": 1, "codename": "add_logentry"}}, {"model": "auth.permission", "pk": 2, "fields": {"name": "Can change log entry", "content_type": 1, "codename": "change_logentry"}}, {"model": "auth.permission", "pk": 3, "fields": {"name": "Can delete log entry", "content_type": 1, "codename": "delete_logentry"}}, {"model": "auth.permission", "pk": 4, "fields": {"name": "Can view log entry", "content_type": 1, "codename": "view_logentry"}}, {"model": "auth.permission", "pk": 5, "fields": {"name": "Can add permission", "content_type": 2, "codename": "add_permission"}}, {"model": "auth.permission", "pk": 6, "fields": {"name": "Can change permission", "content_type": 2, "codename": "change_permission"}}, {"model": "auth.permission", "pk": 7, "fields": {"name": "Can delete permission", "content_type": 2, "codename": "delete_permission"}}, {"model": "auth.permission", "pk": 8, "fields": {"name": "Can view permission", "content_type": 2, "codename": "view_permission"}}, {"model": "auth.permission", "pk": 9, "fields": {"name": "Can add group", "content_type": 3, "codename": "add_group"}}, {"model": "auth.permission", "pk": 10, "fields": {"name": "Can change group", "content_type": 3, "codename": "change_group"}}, {"model": "auth.permission", "pk": 11, "fields": {"name": "Can delete group", "content_type": 3, "codename": "delete_group"}}, {"model": "auth.permission", "pk": 12, "fields": {"name": "Can view group", "content_type": 3, "codename": "view_group"}}, {"model": "auth.permission", "pk": 13, "fields": {"name": "Can add content type", "content_type": 4, "codename": "add_contenttype"}}, {"model": "auth.permission", "pk": 14, "fields": {"name": "Can change content type", "content_type": 4, "codename": "change_contenttype"}}, {"model": "auth.permission", "pk": 15, "fields": {"name": "Can delete content type", "content_type": 4, "codename": "delete_contenttype"}}, {"model": "auth.permission", "pk": 16, "fields": {"name": "Can view content type", "content_type": 4, "codename": "view_contenttype"}}, {"model": "auth.permission", "pk": 17, "fields": {"name": "Can add session", "content_type": 5, "codename": "add_session"}}, {"model": "auth.permission", "pk": 18, "fields": {"name": "Can change session", "content_type": 5, "codename": "change_session"}}, {"model": "auth.permission", "pk": 19, "fields": {"name": "Can delete session", "content_type": 5, "codename": "delete_session"}}, {"model": "auth.permission", "pk": 20, "fields": {"name": "Can view session", "content_type": 5, "codename": "view_session"}}, {"model": "auth.permission", "pk": 21, "fields": {"name": "Can add category", "content_type": 6, "codename": "add_category"}}, {"model": "auth.permission", "pk": 22, "fields": {"name": "Can change category", "content_type": 6, "codename": "change_category"}}, {"model": "auth.permission", "pk": 23, "fields": {"name": "Can delete category", "content_type": 6, "codename": "delete_category"}}, {"model": "auth.permission", "pk": 24, "fields": {"name": "Can view category", "content_type": 6, "codename": "view_category"}}, {"model": "auth.permission", "pk": 25, "fields": {"name": "Can add account", "content_type": 7, "codename": "add_account"}}, {"model": "auth.permission", "pk": 26, "fields": {"name": "Can change account", "content_type": 7, "codename": "change_account"}}, {"model": "auth.permission", "pk": 27, "fields": {"name": "Can delete account", "content_type": 7, "codename": "delete_account"}}, {"model": "auth.permission", "pk": 28, "fields": {"name": "Can view account", "content_type": 7, "codename": "view_account"}}, {"model": "auth.permission", "pk": 29, "fields": {"name": "Can add product", "content_type": 8, "codename": "add_product"}}, {"model": "auth.permission", "pk": 30, "fields": {"name": "Can change product", "content_type": 8, "codename": "change_product"}}, {"model": "auth.permission", "pk": 31, "fields": {"name": "Can delete product", "content_type": 8, "codename": "delete_product"}}, {"model": "auth.permission", "pk": 32, "fields": {"name": "Can view product", "content_type": 8, "codename": "view_product"}}, {"model": "auth.permission", "pk": 33, "fields": {"name": "Can add cart", "content_type": 9, "codename": "add_cart"}}, {"model": "auth.permission", "pk": 34, "fields": {"name": "Can change cart", "content_type": 9, "codename": "change_cart"}}, {"model": "auth.permission", "pk": 35, "fields": {"name": "Can delete cart", "content_type": 9, "codename": "delete_cart"}}, {"model": "auth.permission", "pk": 36, "fields": {"name": "Can view cart", "content_type": 9, "codename": "view_cart"}}, {"model": "auth.permission", "pk": 37, "fields": {"name": "Can add cart item", "content_type": 10, "codename": "add_cartitem"}}, {"model": "auth.permission", "pk": 38, "fields": {"name": "Can change cart item", "content_type": 10, "codename": "change_cartitem"}}, {"model": "auth.permission", "pk": 39, "fields": {"name": "Can delete cart item", "content_type": 10, "codename": "delete_cartitem"}}, {"model": "auth.permission", "pk": 40, "fields": {"name": "Can view cart item", "content_type": 10, "codename": "view_cartitem"}}, {"model": "auth.permission", "pk": 41, "fields": {"name": "Can add variation", "content_type": 11, "codename": "add_variation"}}, {"model": "auth.permission", "pk": 42, "fields": {"name": "Can change variation", "content_type": 11, "codename": "change_variation"}}, {"model": "auth.permission", "pk": 43, "fields": {"name": "Can delete variation", "content_type": 11, "codename": "delete_variation"}}, {"model": "auth.permission", "pk": 44, "fields": {"name": "Can view variation", "content_type": 11, "codename": "view_variation"}}, {"model": "auth.permission", "pk": 45, "fields": {"name": "Can add order product", "content_type": 12, "codename": "add_orderproduct"}}, {"model": "auth.permission", "pk": 46, "fields": {"name": "Can change order product", "content_type": 12, "codename": "change_orderproduct"}}, {"model": "auth.permission", "pk": 47, "fields": {"name": "Can delete order product", "content_type": 12, "codename": "delete_orderproduct"}}, {"model": "auth.permission", "pk": 48, "fields": {"name": "Can view order product", "content_type": 12, "codename": "view_orderproduct"}}, {"model": "auth.permission", "pk": 49, "fields": {"name": "Can add order", "content_type": 13, "codename": "add_order"}}, {"model": "auth.permission", "pk": 50, "fields": {"name": "Can change order", "content_type": 13, "codename": "change_order"}}, {"model": "auth.permission", "pk": 51, "fields": {"name": "Can delete order", "content_type": 13, "codename": "delete_order"}}, {"model": "auth.permission", "pk": 52, "fields": {"name": "Can view order", "content_type": 13, "codename": "view_order"}}, {"model": "auth.permission", "pk": 53, "fields": {"name": "Can add payment", "content_type": 14, "codename": "add_payment"}}, {"model": "auth.permission", "pk": 54, "fields": {"name": "Can change payment", "content_type": 14, "codename": "change_payment"}}, {"model": "auth.permission", "pk": 55, "fields": {"name": "Can delete payment", "content_type": 14, "codename": "delete_payment"}}, {"model": "auth.permission", "pk": 56, "fields": {"name": "Can view payment", "content_type": 14, "codename": "view_payment"}}, {"model": "auth.permission", "pk": 57, "fields": {"name": "Can add review rating", "content_type": 15, "codename": "add_reviewrating"}}, {"model": "auth.permission", "pk": 58, "fields": {"name": "Can change review rating", "content_type": 15, "codename": "change_reviewrating"}}, {"model": "auth.permission", "pk": 59, "fields": {"name": "Can delete review rating", "content_type": 15, "codename": "delete_reviewrating"}}, {"model": "auth.permission", "pk": 60, "fields": {"name": "Can view review rating", "content_type": 15, "codename": "view_reviewrating"}}, {"model": "auth.permission", "pk": 61, "fields": {"name": "Can add user profile", "content_type": 16, "codename": "add_userprofile"}}, {"model": "auth.permission", "pk": 62, "fields": {"name": "Can change user profile", "content_type": 16, "codename": "change_userprofile"}}, {"model": "auth.permission", "pk": 63, "fields": {"name": "Can delete user profile", "content_type": 16, "codename": "delete_userprofile"}}, {"model": "auth.permission", "pk": 64, "fields": {"name": "Can view user profile", "content_type": 16, "codename": "view_userprofile"}}, {"model": "auth.permission", "pk": 65, "fields": {"name": "Can add product gallery", "content_type": 17, "codename": "add_productgallery"}}, {"model": "auth.permission", "pk": 66, "fields": {"name": "Can change product gallery", "content_type": 17, "codename": "change_productgallery"}}, {"model": "auth.permission", "pk": 67, "fields": {"name": "Can delete product gallery", "content_type": 17, "codename": "delete_productgallery"}}, {"model": "auth.permission", "pk": 68, "fields": {"name": "Can view product gallery", "content_type": 17, "codename": "view_productgallery"}}, {"model": "auth.permission", "pk": 69, "fields": {"name": "Can add login attempt", "content_type": 18, "codename": "add_loginattempt"}}, {"model": "auth.permission", "pk": 70, "fields": {"name": "Can change login attempt", "content_type": 18, "codename": "change_loginattempt"}}, {"model": "auth.permission", "pk": 71, "fields": {"name": "Can delete login attempt", "content_type": 18, "codename": "delete_loginattempt"}}, {"model": "auth.permission", "pk": 72, "fields": {"name": "Can view login attempt", "content_type": 18, "codename": "view_loginattempt"}}, {"model": "contenttypes.contenttype", "pk": 1, "fields": {"app_label": "admin", "model": "logentry"}}, {"model": "contenttypes.contenttype", "pk": 2, "fields": {"app_label": "auth", "model": "permission"}}, {"model": "contenttypes.contenttype", "pk": 3, "fields": {"app_label": "auth", "model": "group"}}, {"model": "contenttypes.contenttype", "pk": 4, "fields": {"app_label": "contenttypes", "model": "contenttype"}}, {"model": "contenttypes.contenttype", "pk": 5, "fields": {"app_label": "sessions", "model": "session"}}, {"model": "contenttypes.contenttype", "pk": 6, "fields": {"app_label": "category", "model": "category"}}, {"model": "contenttypes.contenttype", "pk": 7, "fields": {"app_label": "accounts", "model": "account"}}, {"model": "contenttypes.contenttype", "pk": 8, "fields": {"app_label": "store", "model": "product"}}, {"model": "contenttypes.contenttype", "pk": 9, "fields": {"app_label": "carts", "model": "cart"}}, {"model": "contenttypes.contenttype", "pk": 10, "fields": {"app_label": "carts", "model": "cartitem"}}, {"model": "contenttypes.contenttype", "pk": 11, "fields": {"app_label": "store", "model": "variation"}}, {"model": "contenttypes.contenttype", "pk": 12, "fields": {"app_label": "orders", "model": "orderproduct"}}, {"model": "contenttypes.contenttype", "pk": 13, "fields": {"app_label": "orders", "model": "order"}}, {"model": "contenttypes.contenttype", "pk": 14, "fields": {"app_label": "orders", "model": "payment"}}, {"model": "contenttypes.contenttype", "pk": 15, "fields": {"app_label": "store", "model": "reviewrating"}}, {"model": "contenttypes.contenttype", "pk": 16, "fields": {"app_label": "accounts", "model": "userprofile"}}, {"model": "contenttypes.contenttype", "pk": 17, "fields": {"app_label": "store", "model": "productgallery"}}, {"model": "contenttypes.contenttype", "pk": 18, "fields": {"app_label": "admin_honeypot", "model": "loginattempt"}}, {"model": "sessions.session", "pk": "2yp2x6nmb66h8rg5idrr4pkb5sip4zhp", "fields": {"session_data": ".eJxVjMEOwiAQBf-FsyHQUmB79O43kAUWi1pqCj0Z_12b9NLrm5n3Ya5SrXkpLpfcXMsz1Ybz27FR6r7rrAAjOUjoLVyYw61Nbqu0uhzZyCQ7bR7Dk8oO4gPLfeFhKW3Nnu8KP2jltyXS63q4p4MJ6_SvhdEw9GQk-qSjpk7FEEEFodRgB9knARBNFKITViRvPEIilDoRYFDSsu8PzH5GBw:1mSsqR:kldUFgPrQgMpY923WVfztbvjLfXc66grBXmKdMqN-C8", "expire_date": "2021-10-06T03:22:51.949Z"}}, {"model": "category.category", "pk": 1, "fields": {"category_name": "Shirts", "slug": "shirts", "description": "This is the demo shirt category", "cat_image": "photos/categories/shirts.jpg"}}, {"model": "category.category", "pk": 2, "fields": {"category_name": "T Shirts", "slug": "t-shirts", "description": "This is a demo t-shirt category", "cat_image": "photos/categories/tshirts.jpg"}}, {"model": "category.category", "pk": 3, "fields": {"category_name": "Shoes", "slug": "shoes", "description": "This is shoes category", "cat_image": "photos/categories/shoes.png"}}, {"model": "category.category", "pk": 4, "fields": {"category_name": "Jeans", "slug": "jeans", "description": "This is jeans category", "cat_image": "photos/categories/jeans.jpg"}}, {"model": "category.category", "pk": 5, "fields": {"category_name": "Jackets", "slug": "jackets", "description": "This is jackets category", "cat_image": "photos/categories/jackets.jpg"}}, {"model": "accounts.account", "pk": 1, "fields": {"password": "pbkdf2_sha256$216000$hqkRxMqZtjIC$ugS4d8BeWpxIuocwWQVq4uF+Ppt1HZAFjI1ExE7BYBQ=", "first_name": "SingSing", "last_name": "Ng", "username": "peterncs", "email": "peterncs97@gmail.com", "phone_number": "12345678", "date_joined": "2021-09-12T15:18:23.443Z", "last_login": "2021-09-22T03:14:54.768Z", "is_admin": true, "is_staff": true, "is_active": true, "is_superadmin": true}}, {"model": "accounts.userprofile", "pk": 1, "fields": {"user": 1, "address_line_1": "Tai Po", "address_line_2": "Uptown", "city": "Hong Kong", "state": "Kong Kong", "country": "Chi", "profile_picture": "userprofile/wat.png"}}, {"model": "store.product", "pk": 1, "fields": {"product_name": "ATX Jeans", "slug": "atx-jeans", "description": "Lorem Ipsum is simply dummy text of the printing and typesetting industry.", "price": 199, "images": "photos/products/ATX-Jeans.jpg", "stock": 10, "is_available": true, "category": 4, "created_date": "2021-09-12T17:01:03.179Z", "modified_date": "2021-09-21T18:53:55.418Z"}}, {"model": "store.product", "pk": 2, "fields": {"product_name": "Blue-Shirt", "slug": "blue-shirt", "description": "There are many variations of passages of Lorem Ipsum available, but the majority have suffered alteration in some form, by injected humour, or randomised words which don't look even slightly believable.", "price": 100, "images": "photos/products/Blue-Shirt.jpg", "stock": 188, "is_available": true, "category": 1, "created_date": "2021-09-12T17:02:04.103Z", "modified_date": "2021-09-21T18:05:36.834Z"}}, {"model": "store.product", "pk": 3, "fields": {"product_name": "Mavi Jeans", "slug": "mavi-jeans", "description": "Contrary to popular belief, Lorem Ipsum is not simply random text. It has roots in a piece of classical Latin literature from 45 BC, making it over 2000 years old.", "price": 399, "images": "photos/products/Mavi_jeans.jpg", "stock": 345, "is_available": true, "category": 4, "created_date": "2021-09-12T17:02:38.374Z", "modified_date": "2021-09-12T17:02:38.374Z"}}, {"model": "store.product", "pk": 4, "fields": {"product_name": "US Polo Assn Jacket", "slug": "us-polo-assn-jacket", "description": "If you are going to use a passage of Lorem Ipsum, you need to be sure there isn't anything embarrassing hidden in the middle of text.", "price": 259, "images": "photos/products/US-Polo-Assn_Jacket.jpg", "stock": 425, "is_available": true, "category": 5, "created_date": "2021-09-12T17:03:32.440Z", "modified_date": "2021-09-12T17:03:32.440Z"}}, {"model": "store.product", "pk": 5, "fields": {"product_name": "Wrangler Shirt", "slug": "wrangler-shirt", "description": "This book is a treatise on the theory of ethics, very popular during the Renaissance.", "price": 369, "images": "photos/products/Wrangler-Shirt.jpg", "stock": 56, "is_available": true, "category": 1, "created_date": "2021-09-12T17:04:03.432Z", "modified_date": "2021-09-12T17:04:03.432Z"}}, {"model": "store.product", "pk": 6, "fields": {"product_name": "Great Tshirt", "slug": "great-tshirt", "description": "The first line of Lorem Ipsum, \"Lorem ipsum dolor sit amet..\", comes from a line in section 1.10.32.", "price": 29, "images": "photos/products/Great-Tshirt.jpg", "stock": 178, "is_available": true, "category": 2, "created_date": "2021-09-12T17:04:34.156Z", "modified_date": "2021-09-12T17:04:34.156Z"}}, {"model": "store.product", "pk": 7, "fields": {"product_name": "Jordan Basketball Shoes", "slug": "jordan-basketball-shoes", "description": "It has survived not only five centuries, but also the leap into electronic typesetting, remaining essentially unchanged.", "price": 219, "images": "photos/products/jordan-true-flight-basketball-shoes.jpg", "stock": 79, "is_available": true, "category": 3, "created_date": "2021-09-12T17:05:43.993Z", "modified_date": "2021-09-12T17:05:43.993Z"}}, {"model": "store.product", "pk": 8, "fields": {"product_name": "Puma Ferrari Shoes", "slug": "puma-ferrari-shoes", "description": "The generated Lorem Ipsum is therefore always free from repetition, injected humour, or non-characteristic words etc. Shoes", "price": 59, "images": "photos/products/Puma-Ferrari-Shoes.jpg", "stock": 167, "is_available": true, "category": 3, "created_date": "2021-09-12T17:06:22.685Z", "modified_date": "2021-09-14T23:13:07.719Z"}}, {"model": "store.variation", "pk": 1, "fields": {"product": 1, "variation_category": "color", "variation_value": "Red", "is_active": true, "created_date": "2021-09-15T02:49:18.835Z"}}, {"model": "store.variation", "pk": 2, "fields": {"product": 1, "variation_category": "color", "variation_value": "Green", "is_active": true, "created_date": "2021-09-15T02:50:47.980Z"}}, {"model": "store.variation", "pk": 3, "fields": {"product": 1, "variation_category": "color", "variation_value": "Blue", "is_active": true, "created_date": "2021-09-15T02:50:53.158Z"}}, {"model": "store.variation", "pk": 4, "fields": {"product": 1, "variation_category": "color", "variation_value": "Purple", "is_active": true, "created_date": "2021-09-15T10:50:46.176Z"}}, {"model": "store.variation", "pk": 5, "fields": {"product": 1, "variation_category": "size", "variation_value": "Small", "is_active": true, "created_date": "2021-09-15T11:04:18.052Z"}}, {"model": "store.variation", "pk": 6, "fields": {"product": 1, "variation_category": "size", "variation_value": "Medium", "is_active": true, "created_date": "2021-09-15T11:04:28.262Z"}}, {"model": "store.variation", "pk": 7, "fields": {"product": 1, "variation_category": "size", "variation_value": "Large", "is_active": true, "created_date": "2021-09-15T11:04:36.852Z"}}, {"model": "store.variation", "pk": 8, "fields": {"product": 2, "variation_category": "color", "variation_value": "Red", "is_active": true, "created_date": "2021-09-15T22:03:12.306Z"}}, {"model": "store.variation", "pk": 9, "fields": {"product": 2, "variation_category": "size", "variation_value": "Large", "is_active": true, "created_date": "2021-09-15T22:03:24.298Z"}}, {"model": "store.variation", "pk": 10, "fields": {"product": 2, "variation_category": "color", "variation_value": "Green", "is_active": true, "created_date": "2021-09-15T22:03:42.936Z"}}, {"model": "store.variation", "pk": 11, "fields": {"product": 2, "variation_category": "size", "variation_value": "Small", "is_active": true, "created_date": "2021-09-15T22:03:48.747Z"}}, {"model": "store.reviewrating", "pk": 1, "fields": {"product": 1, "user": 1, "subject": "Best", "review": "Nice", "rating": 3.5, "ip": "127.0.0.1", "status": true, "created_at": "2021-09-21T00:43:33.251Z", "updated_at": "2021-09-21T01:56:53.497Z"}}, {"model": "store.productgallery", "pk": 3, "fields": {"product": 1, "image": "store/products/image2.jpg"}}, {"model": "store.productgallery", "pk": 4, "fields": {"product": 1, "image": "store/products/image1.jpg"}}, {"model": "carts.cart", "pk": 12, "fields": {"cart_id": "97iueczsxj6dlm8li8pa4evucpmho7tg", "date_added": "2021-09-19"}}, {"model": "carts.cart", "pk": 13, "fields": {"cart_id": "dkfdhfmdhgubhpubrwe2yh1z3m3vcjw8", "date_added": "2021-09-19"}}, {"model": "carts.cart", "pk": 14, "fields": {"cart_id": "4aqyodsy8fgexgfcvjbcrjg9yu8ol9rx", "date_added": "2021-09-19"}}, {"model": "carts.cart", "pk": 15, "fields": {"cart_id": "4oylh4kr8suhw99t1rfxz9xkkihgnujd", "date_added": "2021-09-19"}}, {"model": "carts.cart", "pk": 16, "fields": {"cart_id": "qw05cozxv6oyeyui08ncxh9k490l4x2g", "date_added": "2021-09-19"}}, {"model": "carts.cart", "pk": 17, "fields": {"cart_id": "4leovsk3wmq4hors98magm79fubccpmt", "date_added": "2021-09-19"}}, {"model": "carts.cart", "pk": 18, "fields": {"cart_id": "q8umithb9qgdg7czolms3fg745zodvka", "date_added": "2021-09-19"}}, {"model": "carts.cart", "pk": 19, "fields": {"cart_id": "90hxkv7x486frn5imjc9txe96ldwycny", "date_added": "2021-09-19"}}, {"model": "carts.cart", "pk": 20, "fields": {"cart_id": "rqr1hzar73ak7pmnd07f4j3xk7qr5atc", "date_added": "2021-09-19"}}, {"model": "carts.cart", "pk": 21, "fields": {"cart_id": "31yp91j0dsne6mxevochobs1giv9911d", "date_added": "2021-09-19"}}, {"model": "carts.cart", "pk": 22, "fields": {"cart_id": "rqjfmu3pf2q6hh9lq0g1cvofu8r68m04", "date_added": "2021-09-19"}}, {"model": "carts.cart", "pk": 23, "fields": {"cart_id": "z347ytgvuk7ahju6g66taj3ragr7jr4a", "date_added": "2021-09-19"}}, {"model": "carts.cart", "pk": 24, "fields": {"cart_id": "p1yptg4o0hkfeu7jyim9mdef1y6iatx5", "date_added": "2021-09-19"}}, {"model": "carts.cart", "pk": 25, "fields": {"cart_id": "3kv6kqlyfj67fl4nrfnk6f85ajlg83tq", "date_added": "2021-09-19"}}, {"model": "carts.cart", "pk": 26, "fields": {"cart_id": "5tuq6dcm4xmw3o2stizs9fptonb9el6f", "date_added": "2021-09-19"}}, {"model": "carts.cart", "pk": 27, "fields": {"cart_id": "wru4i46h3w47h98738du7arcp7gyui94", "date_added": "2021-09-19"}}, {"model": "carts.cart", "pk": 28, "fields": {"cart_id": "5q9izwm8ix1shrgcefbfiyluo48bymrc", "date_added": "2021-09-19"}}, {"model": "carts.cart", "pk": 29, "fields": {"cart_id": "i17b400tbbb67utgk1lpb8f13xgq0n3b", "date_added": "2021-09-19"}}, {"model": "carts.cart", "pk": 30, "fields": {"cart_id": "hwbc9q9zsi0iqiysk3tvl2qxulj73rii", "date_added": "2021-09-19"}}, {"model": "carts.cart", "pk": 31, "fields": {"cart_id": "i2eo7r1b9jo80gpjbbz9ahlk14a1fjnt", "date_added": "2021-09-19"}}, {"model": "carts.cart", "pk": 32, "fields": {"cart_id": "vw77kf1t27f9f6mfdwk1u4kvgl19cbv3", "date_added": "2021-09-19"}}, {"model": "carts.cart", "pk": 33, "fields": {"cart_id": "ic07faktwwmcn0c72fhwakb9ys8dzyyx", "date_added": "2021-09-19"}}, {"model": "carts.cart", "pk": 34, "fields": {"cart_id": "i8xnv2her3p5mwleop0vay6ifm36u6ys", "date_added": "2021-09-19"}}, {"model": "carts.cart", "pk": 35, "fields": {"cart_id": "86xugv3abw3s7ew679zrqtja6j8l7xc4", "date_added": "2021-09-19"}}, {"model": "carts.cart", "pk": 36, "fields": {"cart_id": "eqstxh45br9fm7cqokjjf2xlzkw1kcql", "date_added": "2021-09-19"}}, {"model": "carts.cart", "pk": 37, "fields": {"cart_id": "spw55taetzehuvvwv6tqjrjhawxvsulj", "date_added": "2021-09-19"}}, {"model": "carts.cart", "pk": 38, "fields": {"cart_id": "6g1b3br7ep6i0azlrfc8856zfeffa2eu", "date_added": "2021-09-19"}}, {"model": "carts.cart", "pk": 39, "fields": {"cart_id": "phgthfsvstz1p8g383oz6hrli5zyq1bo", "date_added": "2021-09-19"}}, {"model": "carts.cartitem", "pk": 79, "fields": {"user": null, "product": 1, "cart": 28, "quantity": 1, "is_active": true, "variations": [1, 5]}}, {"model": "carts.cartitem", "pk": 80, "fields": {"user": null, "product": 1, "cart": 29, "quantity": 1, "is_active": true, "variations": [1, 5]}}, {"model": "carts.cartitem", "pk": 83, "fields": {"user": null, "product": 1, "cart": 31, "quantity": 1, "is_active": true, "variations": [1, 5]}}, {"model": "carts.cartitem", "pk": 84, "fields": {"user": null, "product": 2, "cart": 31, "quantity": 1, "is_active": true, "variations": [8, 9]}}, {"model": "carts.cartitem", "pk": 91, "fields": {"user": null, "product": 1, "cart": 37, "quantity": 1, "is_active": true, "variations": [2, 5]}}, {"model": "orders.payment", "pk": 18, "fields": {"user": 1, "payment_id": "70W617678T052215P", "payment_method": "PayPal", "amount_paid": "202.98", "status": "COMPLETED", "created_at": "2021-09-21T00:58:09.507Z"}}, {"model": "orders.payment", "pk": 19, "fields": {"user": 1, "payment_id": "02P41232RE219350M", "payment_method": "PayPal", "amount_paid": "102.0", "status": "COMPLETED", "created_at": "2021-09-21T18:05:36.798Z"}}, {"model": "orders.order", "pk": 37, "fields": {"user": 1, "payment": 18, "order_number": "2021092137", "first_name": "Sing", "last_name": "Ng", "phone": "12345678", "email": "peterncs97@gmail.com", "address_line_1": "Address", "address_line_2": "", "country": "Countru", "state": "Statu", "city": "Citu", "order_note": "Test Note", "order_total": 202.98, "tax": 3.98, "status": "New", "ip": "127.0.0.1", "is_ordered": true, "created_at": "2021-09-21T00:57:58.081Z", "updated_at": "2021-09-21T00:58:09.510Z"}}, {"model": "orders.order", "pk": 38, "fields": {"user": 1, "payment": 19, "order_number": "2021092238", "first_name": "SingSing", "last_name": "Ng", "phone": "12345678", "email": "peterncs97@gmail.com", "address_line_1": "Tai Po", "address_line_2": "Uptown", "country": "Chi", "state": "Kong Kong", "city": "Hong Kong", "order_note": "", "order_total": 102.0, "tax": 2.0, "status": "New", "ip": "127.0.0.1", "is_ordered": true, "created_at": "2021-09-21T18:05:22.719Z", "updated_at": "2021-09-21T18:05:36.805Z"}}, {"model": "orders.orderproduct", "pk": 19, "fields": {"order": 37, "payment": 18, "user": 1, "product": 1, "quantity": 1, "product_price": 199.0, "ordered": true, "created_at": "2021-09-21T00:58:09.516Z", "updated_at": "2021-09-21T00:58:09.525Z", "variations": [1, 6]}}, {"model": "orders.orderproduct", "pk": 20, "fields": {"order": 38, "payment": 19, "user": 1, "product": 2, "quantity": 1, "product_price": 100.0, "ordered": true, "created_at": "2021-09-21T18:05:36.812Z", "updated_at": "2021-09-21T18:05:36.826Z", "variations": [8, 9]}}, {"model": "admin_honeypot.loginattempt", "pk": 1, "fields": {"username": "peterncs97@gmail.com", "ip_address": "127.0.0.1", "session_key": "iok3mt0zbmzdn4ko912vxg18iejt3jjp", "user_agent": "Mozilla/5.0 (Windows NT 10.0; Win64; x64) AppleWebKit/537.36 (KHTML, like Gecko) Chrome/93.0.4577.82 Safari/537.36", "timestamp": "2021-09-21T20:12:55.347Z", "path": "/admin/login/?next=/admin/"}}, {"model": "admin_honeypot.loginattempt", "pk": 2, "fields": {"username": "peterncs97@gmail.com", "ip_address": "127.0.0.1", "session_key": "iok3mt0zbmzdn4ko912vxg18iejt3jjp", "user_agent": "Mozilla/5.0 (Windows NT 10.0; Win64; x64) AppleWebKit/537.36 (KHTML, like Gecko) Chrome/93.0.4577.82 Safari/537.36", "timestamp": "2021-09-21T20:13:05.967Z", "path": "/admin/login/?next=/admin/"}}]
